geoip.as_org,events
NYBULA,40479
AS-VULTR,23349
Global Connectivity Solutions Llp,11926
TOV Flagman Telecom,9498
NETWORK-ADVISORS,7218
Internet Solutions & Innovations LTD.,5763
"China Mobile Communications Group Co., Ltd.",5241
Viettel Group,4591
GOOGLE-CLOUD-PLATFORM,4510
DIGITALOCEAN-ASN,3740
Railnet LLC,3645
RELIABLESITE,2590
CENSYS-ARIN-01,2050
Akamai Connected Cloud,1940
AMAZON-02,1850
UCLOUD INFORMATION TECHNOLOGY HK LIMITED,1591
AS-COLOCROSSING,1159
ONYPHE SAS,1065
MICROSOFT-CORP-MSN-AS-BLOCK,1046
OVH SAS,999
TIER-NET,995
HURRICANE,932
TTCLDATA,872
ORACLE-BMC-31898,793
SOLLUTIUM EU Sp z.o.o.,783
IP Volume inc,772
CHEAPY-HOST,770
LG DACOM Corporation,712
IS-AS-1,708
DataKeepers,707
AS-HYONIX-US,624
CENSYS-ARIN-02,611
AGOTOZ PTE. LTD.,555
"Alibaba US Technology Co., Ltd.",534
Pfcloud UG,527
netcup GmbH,512
ROUTERHOSTING,511
Virgin Media,482
CONTABO-40021,452
ColocaTel Inc.,452
Contabo GmbH,445
Tamatiya EOOD,434
VSVK Onderhoud B.V.,433
IOFLOOD,431
Data Communication Business Group,425
MAJESTIC-HOSTING-01,406
UAB Host Baltic,354
AMAZON-AES,347
SS-Net,344
WIIT AG,339
IONOS SE,330
Skynet Network Ltd,316
Galeon LLC,304
Vpsvault.host Ltd,303
VIRMACH,301
Chinanet,298
PURtel.com GmbH,281
Telecom Argentina S.A.,275
Kaopu Cloud HK Limited,268
Orange Romania S.A.,249
metaspinner net GmbH,247
FOP Dmytro Nedilskyi,239
GIGASNET-AS,238
Unmanaged Ltd,230
SK Broadband Co Ltd,224
Driftnet Ltd,221
PT Telekomunikasi Indonesia,214
DATAWAGON,205
CENSYS-ARIN-03,200
COMCAST-7922,195
LLC Digital Network,191
CJ2 Hosting B.V.,190
ATLANTIC-NET-1,180
COGENT-174,178
VIRTUO,177
Tube-Hosting,173
CHINA UNICOM China169 Backbone,166
VNPT Corp,149
Detai Prosperous Technologies Limited,148
Web Werks India Pvt. Ltd.,146
AgotoZ HK Limited,141
CARINET,136
Alsycon B.V.,134
I P House Limited,131
Data Campus Limited,131
"Sistemas Informaticos, S.A.",130
Gwy It Pty Ltd,126
Soldatov Alexey Valerevich,126
NOCIX,120
VH Global Limited,120
JSC Selectel,119
Datahost Internet Ve Bilisim Teknolojileri,112
RoyaleHosting BV,110
247RACK,110
Korea Telecom,107
Limited Network LTD,107
EWE-Tel GmbH,106
Datacamp Limited,102
China Unicom Beijing Province Network,102
UK Dedicated Servers Limited,99
CT-HangZhou-IDC,98
Xhost Internet Solutions Lp,98
Hostglobal.plus Ltd,97
Ethiopian Telecommunication Corporation,95
PROFITBRICKS-USA,90
MEVSPACE sp. z o.o.,85
AS-GLOBALTELEHOST,82
ZEN-ECN,80
VeloxServ Communications Ltd,80
Kakharov Orinbassar Maratuly,79
Petersburg Internet Network ltd.,74
Hetzner Online GmbH,72
Black HOST Ltd,68
ASN-FLEXENTIAL,65
EVEO S.A.,65
1GSERVERS,61
CHINANET Guangdong province network,61
VIETNAM POSTS AND TELECOMMUNICATIONS GROUP,54
Scloud Pte Ltd,53
British Telecommunications PLC,52
NEXEON,50
Kuroit,50
1337 Services GmbH,50
JOESDATACENTER,47
Proton AG,45
KAMATERA,43
Krez 999 Eood,43
Mainstream doo Beograd,42
Miti 2000 EOOD,41
SYNLINQ,41
Telmex Colombia S.A.,40
Global-Data System IT Corporation,40
NODESTOP-LLC,39
Cloud Computing Corporation,39
Iomart Cloud Services Limited,39
Rices Privately owned enterprise,39
Hosteons Pte. Ltd.,36
SINGLEHOP-LLC,36
"The Communication Authoity of Thailand, CAT",36
"Beijing Tiantexin Tech. Co., Ltd.",36
MYSTICDEVIO,35
Telekom Austria,35
China Telecom Group,33
Stimul LLC,33
ARBOR,32
"Tencent Building, Kejizhongyi Avenue",32
Telenor Norge AS,31
"Telekom Slovenije, d.d.",31
HCN CHUNGBUK CABLE TV SYSTEMS,31
Telemach Slovenija d.o.o.,31
COGNETCLOUD,30
"Hangzhou Alibaba Advertising Co.,Ltd.",29
L&L Investment Ltd.,28
CDSC-AS1,27
TZULO,24
Sony Network Communications Inc.,23
Shereverov Marat Ahmedovich,23
Hebei Mobile Communication Company Limited,23
Multiplay Sp. z o.o.,22
M247 Europe SRL,21
COMFAC CORPORATION,21
Scaleway S.a.s.,21
Binary Racks Limited,20
"Mexico Red de Telecomunicaciones, S. de R.L. de C.V.",20
PONYNET,18
Qinghai Telecom,18
Parsan Lin Co. PJS,17
Tata Teleservices ISP AS,17
AS-30083-US-VELIA-NET,17
Microplex PTY LTD,17
BLOOM-HOST,16
Unique Atlantic Telecommunication,16
Canonical Group Limited,15
Rostelecom,15
LSU,15
Turk Telekom,15
TOTAL PLAY TELECOMUNICACIONES SA DE CV,14
Deutsche Telekom AG,14
China Mobile communications corporation,13
JSC Kazakhtelecom,13
Partner Communications Ltd.,12
Go Host Ltd,12
Iran Telecommunication Company PJS,12
DEDIOUTLET-NETWORKS,11
ZSCALER-INC,11
JSC Severen-Telecom,11
ESITED,11
Triple T Broadband Public Company Limited,11
Telkoturk Iletisim Hizmetleri A.S.,11
Gazon Communications India Limited,11
27134 lakshmi building adipampa road v.v.mohalla,10
Huawei Cloud Service data center,10
Maxtel LLC,10
BHARTI Airtel Ltd.,10
Telepoint Ltd,10
Ruhr-Universitaet Bochum,10
PJSC MegaFon,10
LEVEL3,10
Total Access Communication PLC.,10
Agni Systems Limited,10
